"","ward"
"1","1"
"2","10"
"3","11"
"4","12"
"5","13"
"6","14"
"7","15"
"8","16"
"9","17"
"10","18"
"11","19"
"12","2"
"13","20"
"14","21"
"15","22"
"16","23"
"17","24"
"18","25"
"19","26"
"20","27"
"21","28"
"22","29"
"23","3"
"24","30"
"25","31"
"26","32"
"27","33"
"28","34"
"29","35"
"30","36"
"31","37"
"32","38"
"33","39A"
"34","39B"
"35","4"
"36","40A"
"37","40B"
"38","41"
"39","42"
"40","43"
"41","44"
"42","45"
"43","46"
"44","47"
"45","48"
"46","49"
"47","5"
"48","50"
"49","51"
"50","52"
"51","53"
"52","54"
"53","55"
"54","56"
"55","57"
"56","58"
"57","59"
"58","6"
"59","60"
"60","61"
"61","62"
"62","63"
"63","64"
"64","65"
"65","66A"
"66","66B"
"67","7"
"68","8"
"69","9"
